"","ISO.Code","Country.Name.x","Uncertainty.Bounds*.x","year.x","neonat_mort_rate","Country.Name.y","Uncertainty.Bounds*.y","year.y","U5_mort_rate"
"1","AFG","Afghanistan","Median","2019.5",35.8628812848238,"Afghanistan","Median","2019.5",60.2693988605884
"2","AGO","Angola","Median","2019.5",27.5734809114792,"Angola","Median","2019.5",74.6867100621452
"3","ALB","Albania","Median","2019.5",7.52080674922541,"Albania","Median","2019.5",9.68240657748287
"4","AND","Andorra","Median","2019.5",1.42535955981831,"Andorra","Median","2019.5",2.96692873808424
"5","ARE","United Arab Emirates","Median","2019.5",3.97887983785303,"United Arab Emirates","Median","2019.5",7.48856372642534
"6","ARG","Argentina","Median","2019.5",6.08219228376127,"Argentina","Median","2019.5",9.26187684461466
"7","ARM","Armenia","Median","2019.5",6.40440002327256,"Armenia","Median","2019.5",11.7888017002031
"8","ATG","Antigua and Barbuda","Median","2019.5",3.64802573005278,"Antigua and Barbuda","Median","2019.5",6.60651582997947
"9","AUS","Australia","Median","2019.5",2.27871483335839,"Australia","Median","2019.5",3.60461929552842
"10","AUT","Austria","Median","2019.5",2.06276857666099,"Austria","Median","2019.5",3.47296706587671
"11","AZE","Azerbaijan","Median","2019.5",10.8918164401323,"Azerbaijan","Median","2019.5",20.4345564633744
"12","BDI","Burundi","Median","2019.5",20.9743754395248,"Burundi","Median","2019.5",56.4625372203457
"13","BEL","Belgium","Median","2019.5",2.00125396219497,"Belgium","Median","2019.5",3.40531930027009
"14","BEN","Benin","Median","2019.5",30.5589141110839,"Benin","Median","2019.5",90.2864291385504
"15","BFA","Burkina Faso","Median","2019.5",25.9441668824497,"Burkina Faso","Median","2019.5",87.54242626636
"16","BGD","Bangladesh","Median","2019.5",19.0645324940679,"Bangladesh","Median","2019.5",30.7538599819919
"17","BGR","Bulgaria","Median","2019.5",3.3282969003637,"Bulgaria","Median","2019.5",6.73174536419277
"18","BHR","Bahrain","Median","2019.5",2.93913928914543,"Bahrain","Median","2019.5",6.90227282908875
"19","BHS","Bahamas","Median","2019.5",6.74472846975985,"Bahamas","Median","2019.5",12.6004136847093
"20","BIH","Bosnia and Herzegovina","Median","2019.5",4.21788579064182,"Bosnia and Herzegovina","Median","2019.5",5.85368955598597
"21","BLR","Belarus","Median","2019.5",1.21432971173276,"Belarus","Median","2019.5",3.23028553324267
"22","BLZ","Belize","Median","2019.5",8.13739871674641,"Belize","Median","2019.5",12.3058188951809
"23","BOL","Bolivia (Plurinational State of)","Median","2019.5",14.561801065272,"Bolivia (Plurinational State of)","Median","2019.5",25.9754568883378
"24","BRA","Brazil","Median","2019.5",7.86612775641552,"Brazil","Median","2019.5",13.9354173113574
"25","BRB","Barbados","Median","2019.5",8.37059230931845,"Barbados","Median","2019.5",12.6557198339958
"26","BRN","Brunei Darussalam","Median","2019.5",5.99770661435649,"Brunei Darussalam","Median","2019.5",11.4220886442792
"27","BTN","Bhutan","Median","2019.5",16.5690723940383,"Bhutan","Median","2019.5",28.4925143819461
"28","BWA","Botswana","Median","2019.5",17.9214288865677,"Botswana","Median","2019.5",41.5967570504839
"29","CAF","Central African Republic","Median","2019.5",39.7349189254658,"Central African Republic","Median","2019.5",110.05391226641
"30","CAN","Canada","Median","2019.5",3.3257992266572,"Canada","Median","2019.5",4.85337267007892
"31","CHE","Switzerland","Median","2019.5",2.76977033376408,"Switzerland","Median","2019.5",4.01726319951357
"32","CHL","Chile","Median","2019.5",4.55557658620122,"Chile","Median","2019.5",6.97412154967306
"33","CHN","China","Median","2019.5",3.86154412406338,"China","Median","2019.5",7.90043775533627
"34","CIV","Cote d'Ivoire","Median","2019.5",33.0446914231535,"Cote d'Ivoire","Median","2019.5",79.2837509422417
"35","CMR","Cameroon","Median","2019.5",26.0777570585307,"Cameroon","Median","2019.5",74.8002813535726
"36","COD","Democratic Republic of the Congo","Median","2019.5",27.4148709208366,"Democratic Republic of the Congo","Median","2019.5",84.8005079639407
"37","COG","Congo","Median","2019.5",19.3143163861217,"Congo","Median","2019.5",47.8050666813232
"38","COK","Cook Islands","Median","2019.5",4.11980460485508,"Cook Islands","Median","2019.5",7.61539352956262
"39","COL","Colombia","Median","2019.5",7.48362835225049,"Colombia","Median","2019.5",13.7524202047035
"40","COM","Comoros","Median","2019.5",29.8207162600787,"Comoros","Median","2019.5",62.8925558544244
"41","CPV","Cabo Verde","Median","2019.5",8.98235060315008,"Cabo Verde","Median","2019.5",14.8615274555791
"42","CRI","Costa Rica","Median","2019.5",6.15738331374456,"Costa Rica","Median","2019.5",8.61922123461247
"43","CUB","Cuba","Median","2019.5",2.18107122689293,"Cuba","Median","2019.5",5.11944230976626
"44","CYP","Cyprus","Median","2019.5",1.32085269205816,"Cyprus","Median","2019.5",2.30151674284356
"45","CZE","Czechia","Median","2019.5",1.63139248756337,"Czechia","Median","2019.5",3.17844099476325
"46","DEU","Germany","Median","2019.5",2.2745877376877,"Germany","Median","2019.5",3.80722990169613
"47","DJI","Djibouti","Median","2019.5",30.5082268198255,"Djibouti","Median","2019.5",57.4918346048906
"48","DMA","Dominica","Median","2019.5",28.0625550641827,"Dominica","Median","2019.5",34.6662937698108
"49","DNK","Denmark","Median","2019.5",3.00392203206754,"Denmark","Median","2019.5",3.76570533247558
"50","DOM","Dominican Republic","Median","2019.5",19.3672573349338,"Dominican Republic","Median","2019.5",27.9785691830536
"51","DZA","Algeria","Median","2019.5",16.2835142491268,"Algeria","Median","2019.5",23.2561681158753
"52","ECU","Ecuador","Median","2019.5",7.05727263995739,"Ecuador","Median","2019.5",13.985428218193
"53","EGY","Egypt","Median","2019.5",11.1415100089785,"Egypt","Median","2019.5",20.2806011784475
"54","ERI","Eritrea","Median","2019.5",17.8230448729706,"Eritrea","Median","2019.5",40.4918743858679
"55","ESP","Spain","Median","2019.5",1.8033025380745,"Spain","Median","2019.5",3.10244562875795
"56","EST","Estonia","Median","2019.5",1.06391202773614,"Estonia","Median","2019.5",2.39735196497635
"57","ETH","Ethiopia","Median","2019.5",27.6210250846369,"Ethiopia","Median","2019.5",50.7357124420906
"58","FIN","Finland","Median","2019.5",1.39146092669491,"Finland","Median","2019.5",2.38366860505227
"59","FJI","Fiji","Median","2019.5",10.8447422944596,"Fiji","Median","2019.5",25.6932751338474
"60","FRA","France","Median","2019.5",2.65479281333083,"France","Median","2019.5",4.45909522546859
"61","FSM","Micronesia (Federated States of)","Median","2019.5",15.8624960984998,"Micronesia (Federated States of)","Median","2019.5",29.3852419973987
"62","GAB","Gabon","Median","2019.5",20.2462177872207,"Gabon","Median","2019.5",42.4601517985182
"63","GBR","United Kingdom","Median","2019.5",2.77160820270901,"United Kingdom","Median","2019.5",4.27390465116804
"64","GEO","Georgia","Median","2019.5",4.88254515055601,"Georgia","Median","2019.5",9.58487786608187
"65","GHA","Ghana","Median","2019.5",23.1267895201887,"Ghana","Median","2019.5",46.1584446162756
"66","GIN","Guinea","Median","2019.5",30.3671816975958,"Guinea","Median","2019.5",98.8029728465315
"67","GMB","Gambia","Median","2019.5",27.1313770705549,"Gambia","Median","2019.5",51.7247840463207
"68","GNB","Guinea-Bissau","Median","2019.5",35.0852462153279,"Guinea-Bissau","Median","2019.5",78.4733502843444
"69","GNQ","Equatorial Guinea","Median","2019.5",29.0052170266567,"Equatorial Guinea","Median","2019.5",81.846654138467
"70","GRC","Greece","Median","2019.5",2.25707042919352,"Greece","Median","2019.5",3.75263095220105
"71","GRD","Grenada","Median","2019.5",11.0018364321715,"Grenada","Median","2019.5",16.5346939856564
"72","GTM","Guatemala","Median","2019.5",12.1662795797105,"Guatemala","Median","2019.5",24.5196271444471
"73","GUY","Guyana","Median","2019.5",18.6001997296818,"Guyana","Median","2019.5",29.2512381313987
"74","HND","Honduras","Median","2019.5",9.16400980014482,"Honduras","Median","2019.5",16.8132412335223
"75","HRV","Croatia","Median","2019.5",2.9066495574666,"Croatia","Median","2019.5",4.78159177605085
"76","HTI","Haiti","Median","2019.5",25.2970564712669,"Haiti","Median","2019.5",62.7977768640355
"77","HUN","Hungary","Median","2019.5",1.99206876543874,"Hungary","Median","2019.5",3.66622341728905
"78","IDN","Indonesia","Median","2019.5",12.4124663278865,"Indonesia","Median","2019.5",23.8812562221124
"79","IND","India","Median","2019.5",21.6603212522026,"India","Median","2019.5",34.2747593556218
"80","IRL","Ireland","Median","2019.5",2.10285565285707,"Ireland","Median","2019.5",3.27804224163375
"81","IRN","Iran (Islamic Republic of)","Median","2019.5",8.57583512657125,"Iran (Islamic Republic of)","Median","2019.5",13.9335563170655
"82","IRQ","Iraq","Median","2019.5",15.3066514904557,"Iraq","Median","2019.5",25.8844506580891
"83","ISL","Iceland","Median","2019.5",1.00055876375307,"Iceland","Median","2019.5",1.96907398115901
"84","ISR","Israel","Median","2019.5",1.93512593674029,"Israel","Median","2019.5",3.67440112134582
"85","ITA","Italy","Median","2019.5",1.92042555677481,"Italy","Median","2019.5",3.13875952652053
"86","JAM","Jamaica","Median","2019.5",9.82570636312631,"Jamaica","Median","2019.5",13.8548530156735
"87","JOR","Jordan","Median","2019.5",9.19152994281567,"Jordan","Median","2019.5",15.5863964667493
"88","JPN","Japan","Median","2019.5",0.843323075514369,"Japan","Median","2019.5",2.46236030290471
"89","KAZ","Kazakhstan","Median","2019.5",4.6644885199815,"Kazakhstan","Median","2019.5",10.45053003804
"90","KEN","Kenya","Median","2019.5",21.0366393518361,"Kenya","Median","2019.5",43.1554962072681
"91","KGZ","Kyrgyzstan","Median","2019.5",12.3010328372726,"Kyrgyzstan","Median","2019.5",18.3117088487457
"92","KHM","Cambodia","Median","2019.5",14.4907430717163,"Cambodia","Median","2019.5",26.5903832089308
"93","KIR","Kiribati","Median","2019.5",22.1150047452577,"Kiribati","Median","2019.5",50.8848078116989
"94","KNA","Saint Kitts and Nevis","Median","2019.5",10.2799460510055,"Saint Kitts and Nevis","Median","2019.5",15.3644506175615
"95","KOR","Republic of Korea","Median","2019.5",1.53749802261205,"Republic of Korea","Median","2019.5",3.19061751456057
"96","KWT","Kuwait","Median","2019.5",4.51859259983496,"Kuwait","Median","2019.5",7.90988666645046
"97","LAO","Lao People's Democratic Republic","Median","2019.5",21.9562082154467,"Lao People's Democratic Republic","Median","2019.5",45.5202575111262
"98","LBN","Lebanon","Median","2019.5",4.15199837896874,"Lebanon","Median","2019.5",7.20913193670486
"99","LBR","Liberia","Median","2019.5",32.4168975025471,"Liberia","Median","2019.5",84.6226210538082
"100","LBY","Libya","Median","2019.5",6.47487300606207,"Libya","Median","2019.5",11.5399909798285
"101","LCA","Saint Lucia","Median","2019.5",12.7401120994369,"Saint Lucia","Median","2019.5",22.3280030229657
"102","LKA","Sri Lanka","Median","2019.5",4.27302454506916,"Sri Lanka","Median","2019.5",7.10702520117627
"103","LSO","Lesotho","Median","2019.5",42.8069195387396,"Lesotho","Median","2019.5",86.4034934986228
"104","LTU","Lithuania","Median","2019.5",2.03764422661247,"Lithuania","Median","2019.5",3.65349318370166
"105","LUX","Luxembourg","Median","2019.5",1.45728483185427,"Luxembourg","Median","2019.5",2.75046934824803
"106","LVA","Latvia","Median","2019.5",1.85442966553543,"Latvia","Median","2019.5",3.60928815850449
"107","MAR","Morocco","Median","2019.5",13.6189871178273,"Morocco","Median","2019.5",21.3866742104801
"108","MCO","Monaco","Median","2019.5",1.69766155948359,"Monaco","Median","2019.5",3.10338329912289
"109","MDA","Republic of Moldova","Median","2019.5",10.6579672957467,"Republic of Moldova","Median","2019.5",14.3533165758711
"110","MDG","Madagascar","Median","2019.5",20.1196954295522,"Madagascar","Median","2019.5",50.6030292519029
"111","MDV","Maldives","Median","2019.5",4.92596284345812,"Maldives","Median","2019.5",7.61741350599498
"112","MEX","Mexico","Median","2019.5",8.5689244158142,"Mexico","Median","2019.5",14.169939966992
"113","MHL","Marshall Islands","Median","2019.5",15.3136161354821,"Marshall Islands","Median","2019.5",31.8100179273223
"114","MKD","Republic of North Macedonia","Median","2019.5",3.90849701827881,"Republic of North Macedonia","Median","2019.5",6.12342677163712
"115","MLI","Mali","Median","2019.5",32.1343670360306,"Mali","Median","2019.5",94.0354183066633
"116","MLT","Malta","Median","2019.5",4.68799799984847,"Malta","Median","2019.5",6.98273762917642
"117","MMR","Myanmar","Median","2019.5",22.4499895703735,"Myanmar","Median","2019.5",44.6609609331634
"118","MNE","Montenegro","Median","2019.5",1.30269341644374,"Montenegro","Median","2019.5",2.32534602782781
"119","MNG","Mongolia","Median","2019.5",8.13628559277629,"Mongolia","Median","2019.5",15.630880923074
"120","MOZ","Mozambique","Median","2019.5",28.5463444255293,"Mozambique","Median","2019.5",74.2484589159553
"121","MRT","Mauritania","Median","2019.5",32.0155464710502,"Mauritania","Median","2019.5",72.891799487629
"122","MUS","Mauritius","Median","2019.5",10.1883111614382,"Mauritius","Median","2019.5",16.0094232560321
"123","MWI","Malawi","Median","2019.5",19.7914052898581,"Malawi","Median","2019.5",41.6345344422686
"124","MYS","Malaysia","Median","2019.5",4.61427588063968,"Malaysia","Median","2019.5",8.55149065970016
"125","NAM","Namibia","Median","2019.5",19.1300556933385,"Namibia","Median","2019.5",42.3559138996033
"126","NER","Niger","Median","2019.5",24.2568573220051,"Niger","Median","2019.5",80.366102044679
"127","NGA","Nigeria","Median","2019.5",35.8506652554379,"Nigeria","Median","2019.5",117.202078069472
"128","NIC","Nicaragua","Median","2019.5",10.2195253635438,"Nicaragua","Median","2019.5",16.6499405165325
"129","NIU","Niue","Median","2019.5",12.5318288247581,"Niue","Median","2019.5",23.1840006499153
"130","NLD","Netherlands","Median","2019.5",2.58606008429981,"Netherlands","Median","2019.5",4.03841170739997
"131","NOR","Norway","Median","2019.5",1.40172905625379,"Norway","Median","2019.5",2.44382823352316
"132","NPL","Nepal","Median","2019.5",19.7799382727215,"Nepal","Median","2019.5",30.7921908727912
"133","NRU","Nauru","Median","2019.5",19.9415373512962,"Nauru","Median","2019.5",30.9057006684172
"134","NZL","New Zealand","Median","2019.5",2.63426859571087,"New Zealand","Median","2019.5",4.74022535139482
"135","OMN","Oman","Median","2019.5",5.25063071676543,"Oman","Median","2019.5",11.4145214002628
"136","PAK","Pakistan","Median","2019.5",41.2159476957871,"Pakistan","Median","2019.5",67.2419118594551
"137","PAN","Panama","Median","2019.5",8.57032411256108,"Panama","Median","2019.5",14.8503807540983
"138","PER","Peru","Median","2019.5",6.35802383385591,"Peru","Median","2019.5",13.2150395933122
"139","PHL","Philippines","Median","2019.5",13.2875297972992,"Philippines","Median","2019.5",27.2782948612361
"140","PLW","Palau","Median","2019.5",9.3628127858458,"Palau","Median","2019.5",17.3283271825142
"141","PNG","Papua New Guinea","Median","2019.5",21.937272220999,"Papua New Guinea","Median","2019.5",44.7943931138412
"142","POL","Poland","Median","2019.5",2.71496401796885,"Poland","Median","2019.5",4.39091227330803
"143","PRK","Democratic People's Republic of Korea","Median","2019.5",9.50320712960776,"Democratic People's Republic of Korea","Median","2019.5",17.3
"144","PRT","Portugal","Median","2019.5",1.96820816916543,"Portugal","Median","2019.5",3.67920637421925
"145","PRY","Paraguay","Median","2019.5",10.855233383655,"Paraguay","Median","2019.5",19.4404059742791
"146","QAT","Qatar","Median","2019.5",3.39409173409069,"Qatar","Median","2019.5",6.51240029383946
"147","ROU","Romania","Median","2019.5",3.44943865817017,"Romania","Median","2019.5",6.97871284620224
"148","RUS","Russian Federation","Median","2019.5",2.62903804696573,"Russian Federation","Median","2019.5",5.76741859092304
"149","RWA","Rwanda","Median","2019.5",15.8740839717442,"Rwanda","Median","2019.5",34.3261299642996
"150","SAU","Saudi Arabia","Median","2019.5",3.66558398483686,"Saudi Arabia","Median","2019.5",6.64996604641576
"151","SDN","Sudan","Median","2019.5",27.2199690744324,"Sudan","Median","2019.5",58.4149028739014
"152","SEN","Senegal","Median","2019.5",21.9639373644144,"Senegal","Median","2019.5",45.3092047931652
"153","SGP","Singapore","Median","2019.5",0.909342358532895,"Singapore","Median","2019.5",2.54050180724194
"154","SLB","Solomon Islands","Median","2019.5",8.23139884691737,"Solomon Islands","Median","2019.5",19.6680424719821
"155","SLE","Sierra Leone","Median","2019.5",31.1788030746941,"Sierra Leone","Median","2019.5",109.236527986754
"156","SLV","El Salvador","Median","2019.5",6.56134465379029,"El Salvador","Median","2019.5",13.285973421219
"157","SMR","San Marino","Median","2019.5",0.78274529351735,"San Marino","Median","2019.5",1.68051863436779
"158","SOM","Somalia","Median","2019.5",36.8623711849932,"Somalia","Median","2019.5",116.972095820939
"159","SRB","Serbia","Median","2019.5",3.21924769037995,"Serbia","Median","2019.5",5.31574250356785
"160","SSD","South Sudan","Median","2019.5",38.6045658674557,"South Sudan","Median","2019.5",96.2292986858548
"161","STP","Sao Tome and Principe","Median","2019.5",14.0575004227867,"Sao Tome and Principe","Median","2019.5",29.8294440487081
"162","SUR","Suriname","Median","2019.5",11.2151587462779,"Suriname","Median","2019.5",17.9947473470686
"163","SVK","Slovakia","Median","2019.5",2.90948222105069,"Slovakia","Median","2019.5",5.75210421164102
"164","SVN","Slovenia","Median","2019.5",1.16212204108867,"Slovenia","Median","2019.5",2.07852545332956
"165","SWE","Sweden","Median","2019.5",1.38225100857433,"Sweden","Median","2019.5",2.57357790253273
"166","SWZ","Eswatini","Median","2019.5",18.4276243131717,"Eswatini","Median","2019.5",49.3662787700761
"167","SYC","Seychelles","Median","2019.5",8.60998945012873,"Seychelles","Median","2019.5",14.246173803527
"168","SYR","Syrian Arab Republic","Median","2019.5",10.776852627699,"Syrian Arab Republic","Median","2019.5",21.5252340375812
"169","TCD","Chad","Median","2019.5",33.2599904129425,"Chad","Median","2019.5",113.790418264655
"170","TGO","Togo","Median","2019.5",24.8118147309055,"Togo","Median","2019.5",66.9046957028631
"171","THA","Thailand","Median","2019.5",5.31259078977376,"Thailand","Median","2019.5",9.01470379323284
"172","TJK","Tajikistan","Median","2019.5",14.9776786571542,"Tajikistan","Median","2019.5",33.7758177668573
"173","TKM","Turkmenistan","Median","2019.5",23.623684359985,"Turkmenistan","Median","2019.5",42.0303531974223
"174","TLS","Timor-Leste","Median","2019.5",19.5809785017,"Timor-Leste","Median","2019.5",44.2188517968595
"175","TON","Tonga","Median","2019.5",7.42410891344131,"Tonga","Median","2019.5",16.6231647805592
"176","TTO","Trinidad and Tobago","Median","2019.5",11.5339158490831,"Trinidad and Tobago","Median","2019.5",17.5180529645428
"177","TUN","Tunisia","Median","2019.5",11.9268851410695,"Tunisia","Median","2019.5",16.8526187044106
"178","TUR","Turkey","Median","2019.5",5.27848063918854,"Turkey","Median","2019.5",10.046388231764
"179","TUV","Tuvalu","Median","2019.5",16.0294073707792,"Tuvalu","Median","2019.5",23.8680342266712
"180","TZA","United Republic of Tanzania","Median","2019.5",20.2928086633465,"United Republic of Tanzania","Median","2019.5",50.295563670194
"181","UGA","Uganda","Median","2019.5",19.9779490189995,"Uganda","Median","2019.5",45.8380847614761
"182","UKR","Ukraine","Median","2019.5",5.01443725728543,"Ukraine","Median","2019.5",8.38525358339224
"183","URY","Uruguay","Median","2019.5",4.21470121555519,"Uruguay","Median","2019.5",7.05877754629439
"184","USA","United States of America","Median","2019.5",3.69965076600253,"United States of America","Median","2019.5",6.47333293500352
"185","UZB","Uzbekistan","Median","2019.5",9.91822808999179,"Uzbekistan","Median","2019.5",17.4266978147675
"186","VCT","Saint Vincent and the Grenadines","Median","2019.5",9.10063400171157,"Saint Vincent and the Grenadines","Median","2019.5",14.6242688091752
"187","VEN","Venezuela (Bolivarian Republic of)","Median","2019.5",14.591883124677,"Venezuela (Bolivarian Republic of)","Median","2019.5",24.1999999995174
"188","VNM","Viet Nam","Median","2019.5",10.4647766404541,"Viet Nam","Median","2019.5",19.9351672226331
"189","VUT","Vanuatu","Median","2019.5",11.3938210782245,"Vanuatu","Median","2019.5",25.9164425172854
"190","WSM","Samoa","Median","2019.5",8.21898079635999,"Samoa","Median","2019.5",15.0113436667613
"191","YEM","Yemen","Median","2019.5",26.6541840627169,"Yemen","Median","2019.5",58.3561382389512
"192","ZAF","South Africa","Median","2019.5",11.4528710574727,"South Africa","Median","2019.5",34.4577716014522
"193","ZMB","Zambia","Median","2019.5",23.2802736907767,"Zambia","Median","2019.5",61.6634645403192
"194","ZWE","Zimbabwe","Median","2019.5",25.8642648730845,"Zimbabwe","Median","2019.5",54.6129674426936
