IndicatorCode,Indicator,ValueType,ParentLocationCode,ParentLocation,Location type,SpatialDimValueCode,Location,Period type,Period,IsLatestYear,Dim1 type,Dim1,Dim1ValueCode,Dim2 type,Dim2,Dim2ValueCode,Dim3 type,Dim3,Dim3ValueCode,DataSourceDimValueCode,DataSource,FactValueNumericPrefix,FactValueNumeric,FactValueUoM,FactValueNumericLowPrefix,FactValueNumericLow,FactValueNumericHighPrefix,FactValueNumericHigh,Value,FactValueTranslationID,FactComments,Language,DateModified
MDG_0000000026,Maternal mortality ratio (per 100 000 live births),text,GLOBAL,(WHO) Global,WHO region,EUR,Europe,Year,2017,true,,,,,,,,,,,,,13,,,12,,14,13 [12 – 14],,,EN,2019-12-13T00:00:00.000Z
MDG_0000000026,Maternal mortality ratio (per 100 000 live births),text,GLOBAL,(WHO) Global,WHO region,SEAR,South-East Asia,Year,2017,true,,,,,,,,,,,,,152,,,132,,180,152 [132 – 180],,,EN,2019-12-13T00:00:00.000Z
MDG_0000000026,Maternal mortality ratio (per 100 000 live births),text,GLOBAL,(WHO) Global,WHO region,EMR,Eastern Mediterranean,Year,2017,true,,,,,,,,,,,,,164,,,138,,217,164 [138 – 217],,,EN,2019-12-13T00:00:00.000Z
MDG_0000000026,Maternal mortality ratio (per 100 000 live births),text,GLOBAL,(WHO) Global,WHO region,GLOBAL,(WHO) Global,Year,2017,true,,,,,,,,,,,,,211,,,199,,243,211 [199 – 243],,,EN,2019-12-13T00:00:00.000Z
MDG_0000000026,Maternal mortality ratio (per 100 000 live births),text,GLOBAL,(WHO) Global,WHO region,WPR,Western Pacific,Year,2017,true,,,,,,,,,,,,,41,,,36,,49,41 [36 – 49],,,EN,2019-12-13T00:00:00.000Z
MDG_0000000026,Maternal mortality ratio (per 100 000 live births),text,GLOBAL,(WHO) Global,WHO region,AFR,Africa,Year,2017,true,,,,,,,,,,,,,525,,,480,,629,525 [480 – 629],,,EN,2019-12-13T00:00:00.000Z
MDG_0000000026,Maternal mortality ratio (per 100 000 live births),text,GLOBAL,(WHO) Global,WHO region,AMR,Americas,Year,2017,true,,,,,,,,,,,,,57,,,55,,62,57 [55 – 62],,,EN,2019-12-13T00:00:00.000Z
MORT_MATERNALNUM,Number of maternal deaths,numeric,GLOBAL,(WHO) Global,WHO region,EUR,Europe,Year,2017,true,,,,,,,,,,,,,1400,,,1300,,1600,"1,400 [1,300 – 1,600]",,,EN,2019-12-13T00:00:00.000Z
MORT_MATERNALNUM,Number of maternal deaths,numeric,GLOBAL,(WHO) Global,WHO region,AFR,Africa,Year,2017,true,,,,,,,,,,,,,192000,,,176000,,230000,"192,000 [176,000 – 230,000]",,,EN,2019-12-13T00:00:00.000Z
MORT_MATERNALNUM,Number of maternal deaths,numeric,GLOBAL,(WHO) Global,WHO region,GLOBAL,(WHO) Global,Year,2017,true,,,,,,,,,,,,,295000,,,279000,,340000,"295,000 [279,000 – 340,000]",,,EN,2019-12-13T00:00:00.000Z
MORT_MATERNALNUM,Number of maternal deaths,numeric,GLOBAL,(WHO) Global,WHO region,EMR,Eastern Mediterranean,Year,2017,true,,,,,,,,,,,,,30000,,,25000,,39000,"30,000 [25,000 – 39,000]",,,EN,2019-12-13T00:00:00.000Z
MORT_MATERNALNUM,Number of maternal deaths,numeric,GLOBAL,(WHO) Global,WHO region,SEAR,South-East Asia,Year,2017,true,,,,,,,,,,,,,53000,,,46000,,63000,"53,000 [46,000 – 63,000]",,,EN,2019-12-13T00:00:00.000Z
MORT_MATERNALNUM,Number of maternal deaths,numeric,GLOBAL,(WHO) Global,WHO region,AMR,Americas,Year,2017,true,,,,,,,,,,,,,8500,,,8100,,9200,"8,500 [8,100 – 9,200]",,,EN,2019-12-13T00:00:00.000Z
MORT_MATERNALNUM,Number of maternal deaths,numeric,GLOBAL,(WHO) Global,WHO region,WPR,Western Pacific,Year,2017,true,,,,,,,,,,,,,9800,,,8600,,12000,"9,800 [8,600 – 12,000]",,,EN,2019-12-13T00:00:00.000Z
MDG_0000000026,Maternal mortality ratio (per 100 000 live births),text,GLOBAL,(WHO) Global,WHO region,EUR,Europe,Year,2016,false,,,,,,,,,,,,,13,,,12,,15,13 [12 – 15],,,EN,2019-12-13T00:00:00.000Z
MDG_0000000026,Maternal mortality ratio (per 100 000 live births),text,GLOBAL,(WHO) Global,WHO region,SEAR,South-East Asia,Year,2016,false,,,,,,,,,,,,,157,,,138,,185,157 [138 – 185],,,EN,2019-12-13T00:00:00.000Z
MDG_0000000026,Maternal mortality ratio (per 100 000 live births),text,GLOBAL,(WHO) Global,WHO region,EMR,Eastern Mediterranean,Year,2016,false,,,,,,,,,,,,,169,,,142,,222,169 [142 – 222],,,EN,2019-12-13T00:00:00.000Z
MDG_0000000026,Maternal mortality ratio (per 100 000 live births),text,GLOBAL,(WHO) Global,WHO region,GLOBAL,(WHO) Global,Year,2016,false,,,,,,,,,,,,,214,,,203,,244,214 [203 – 244],,,EN,2019-12-13T00:00:00.000Z
MDG_0000000026,Maternal mortality ratio (per 100 000 live births),text,GLOBAL,(WHO) Global,WHO region,WPR,Western Pacific,Year,2016,false,,,,,,,,,,,,,42,,,37,,49,42 [37 – 49],,,EN,2019-12-13T00:00:00.000Z
MDG_0000000026,Maternal mortality ratio (per 100 000 live births),text,GLOBAL,(WHO) Global,WHO region,AFR,Africa,Year,2016,false,,,,,,,,,,,,,536,,,491,,633,536 [491 – 633],,,EN,2019-12-13T00:00:00.000Z
MDG_0000000026,Maternal mortality ratio (per 100 000 live births),text,GLOBAL,(WHO) Global,WHO region,AMR,Americas,Year,2016,false,,,,,,,,,,,,,59,,,56,,63,59 [56 – 63],,,EN,2019-12-13T00:00:00.000Z
MORT_MATERNALNUM,Number of maternal deaths,numeric,GLOBAL,(WHO) Global,WHO region,EUR,Europe,Year,2016,false,,,,,,,,,,,,,1500,,,1400,,1600,"1,500 [1,400 – 1,600]",,,EN,2019-12-13T00:00:00.000Z
MORT_MATERNALNUM,Number of maternal deaths,numeric,GLOBAL,(WHO) Global,WHO region,WPR,Western Pacific,Year,2016,false,,,,,,,,,,,,,10000,,,8900,,12000,"10,000 [8,900 – 12,000]",,,EN,2019-12-13T00:00:00.000Z
MORT_MATERNALNUM,Number of maternal deaths,numeric,GLOBAL,(WHO) Global,WHO region,AFR,Africa,Year,2016,false,,,,,,,,,,,,,194000,,,177000,,229000,"194,000 [177,000 – 229,000]",,,EN,2019-12-13T00:00:00.000Z
MORT_MATERNALNUM,Number of maternal deaths,numeric,GLOBAL,(WHO) Global,WHO region,EMR,Eastern Mediterranean,Year,2016,false,,,,,,,,,,,,,30000,,,26000,,40000,"30,000 [26,000 – 40,000]",,,EN,2019-12-13T00:00:00.000Z
MORT_MATERNALNUM,Number of maternal deaths,numeric,GLOBAL,(WHO) Global,WHO region,GLOBAL,(WHO) Global,Year,2016,false,,,,,,,,,,,,,300000,,,284000,,341000,"300,000 [284,000 – 341,000]",,,EN,2019-12-13T00:00:00.000Z
MORT_MATERNALNUM,Number of maternal deaths,numeric,GLOBAL,(WHO) Global,WHO region,SEAR,South-East Asia,Year,2016,false,,,,,,,,,,,,,55000,,,49000,,65000,"55,000 [49,000 – 65,000]",,,EN,2019-12-13T00:00:00.000Z
MORT_MATERNALNUM,Number of maternal deaths,numeric,GLOBAL,(WHO) Global,WHO region,AMR,Americas,Year,2016,false,,,,,,,,,,,,,8700,,,8300,,9400,"8,700 [8,300 – 9,400]",,,EN,2019-12-13T00:00:00.000Z
MDG_0000000026,Maternal mortality ratio (per 100 000 live births),text,GLOBAL,(WHO) Global,WHO region,EUR,Europe,Year,2015,false,,,,,,,,,,,,,14,,,13,,15,14 [13 – 15],,,EN,2019-12-13T00:00:00.000Z
MDG_0000000026,Maternal mortality ratio (per 100 000 live births),text,GLOBAL,(WHO) Global,WHO region,SEAR,South-East Asia,Year,2015,false,,,,,,,,,,,,,165,,,146,,192,165 [146 – 192],,,EN,2019-12-13T00:00:00.000Z
MDG_0000000026,Maternal mortality ratio (per 100 000 live births),text,GLOBAL,(WHO) Global,WHO region,EMR,Eastern Mediterranean,Year,2015,false,,,,,,,,,,,,,175,,,150,,226,175 [150 – 226],,,EN,2019-12-13T00:00:00.000Z
MDG_0000000026,Maternal mortality ratio (per 100 000 live births),text,GLOBAL,(WHO) Global,WHO region,GLOBAL,(WHO) Global,Year,2015,false,,,,,,,,,,,,,219,,,208,,247,219 [208 – 247],,,EN,2019-12-13T00:00:00.000Z
MDG_0000000026,Maternal mortality ratio (per 100 000 live births),text,GLOBAL,(WHO) Global,WHO region,WPR,Western Pacific,Year,2015,false,,,,,,,,,,,,,43,,,38,,50,43 [38 – 50],,,EN,2019-12-13T00:00:00.000Z
MDG_0000000026,Maternal mortality ratio (per 100 000 live births),text,GLOBAL,(WHO) Global,WHO region,AFR,Africa,Year,2015,false,,,,,,,,,,,,,548,,,504,,641,548 [504 – 641],,,EN,2019-12-13T00:00:00.000Z
MDG_0000000026,Maternal mortality ratio (per 100 000 live births),text,GLOBAL,(WHO) Global,WHO region,AMR,Americas,Year,2015,false,,,,,,,,,,,,,59,,,57,,64,59 [57 – 64],,,EN,2019-12-13T00:00:00.000Z
MORT_MATERNALNUM,Number of maternal deaths,numeric,GLOBAL,(WHO) Global,WHO region,EUR,Europe,Year,2015,false,,,,,,,,,,,,,1500,,,1500,,1700,"1,500 [1,500 – 1,700]",,,EN,2019-12-13T00:00:00.000Z
MORT_MATERNALNUM,Number of maternal deaths,numeric,GLOBAL,(WHO) Global,WHO region,WPR,Western Pacific,Year,2015,false,,,,,,,,,,,,,11000,,,9400,,12000,"11,000 [9,400 – 12,000]",,,EN,2019-12-13T00:00:00.000Z
MORT_MATERNALNUM,Number of maternal deaths,numeric,GLOBAL,(WHO) Global,WHO region,AFR,Africa,Year,2015,false,,,,,,,,,,,,,195000,,,180000,,228000,"195,000 [180,000 – 228,000]",,,EN,2019-12-13T00:00:00.000Z
MORT_MATERNALNUM,Number of maternal deaths,numeric,GLOBAL,(WHO) Global,WHO region,GLOBAL,(WHO) Global,Year,2015,false,,,,,,,,,,,,,306000,,,291000,,345000,"306,000 [291,000 – 345,000]",,,EN,2019-12-13T00:00:00.000Z
MORT_MATERNALNUM,Number of maternal deaths,numeric,GLOBAL,(WHO) Global,WHO region,EMR,Eastern Mediterranean,Year,2015,false,,,,,,,,,,,,,31000,,,27000,,40000,"31,000 [27,000 – 40,000]",,,EN,2019-12-13T00:00:00.000Z
MORT_MATERNALNUM,Number of maternal deaths,numeric,GLOBAL,(WHO) Global,WHO region,SEAR,South-East Asia,Year,2015,false,,,,,,,,,,,,,58000,,,52000,,68000,"58,000 [52,000 – 68,000]",,,EN,2019-12-13T00:00:00.000Z
MORT_MATERNALNUM,Number of maternal deaths,numeric,GLOBAL,(WHO) Global,WHO region,AMR,Americas,Year,2015,false,,,,,,,,,,,,,8800,,,8400,,9500,"8,800 [8,400 – 9,500]",,,EN,2019-12-13T00:00:00.000Z
MDG_0000000026,Maternal mortality ratio (per 100 000 live births),text,GLOBAL,(WHO) Global,WHO region,EUR,Europe,Year,2014,false,,,,,,,,,,,,,14,,,13,,15,14 [13 – 15],,,EN,2019-12-13T00:00:00.000Z
MDG_0000000026,Maternal mortality ratio (per 100 000 live births),text,GLOBAL,(WHO) Global,WHO region,SEAR,South-East Asia,Year,2014,false,,,,,,,,,,,,,173,,,154,,200,173 [154 – 200],,,EN,2019-12-13T00:00:00.000Z
MDG_0000000026,Maternal mortality ratio (per 100 000 live births),text,GLOBAL,(WHO) Global,WHO region,EMR,Eastern Mediterranean,Year,2014,false,,,,,,,,,,,,,186,,,159,,235,186 [159 – 235],,,EN,2019-12-13T00:00:00.000Z
MDG_0000000026,Maternal mortality ratio (per 100 000 live births),text,GLOBAL,(WHO) Global,WHO region,GLOBAL,(WHO) Global,Year,2014,false,,,,,,,,,,,,,224,,,213,,251,224 [213 – 251],,,EN,2019-12-13T00:00:00.000Z
MDG_0000000026,Maternal mortality ratio (per 100 000 live births),text,GLOBAL,(WHO) Global,WHO region,WPR,Western Pacific,Year,2014,false,,,,,,,,,,,,,44,,,40,,51,44 [40 – 51],,,EN,2019-12-13T00:00:00.000Z
MDG_0000000026,Maternal mortality ratio (per 100 000 live births),text,GLOBAL,(WHO) Global,WHO region,AFR,Africa,Year,2014,false,,,,,,,,,,,,,562,,,518,,648,562 [518 – 648],,,EN,2019-12-13T00:00:00.000Z
MDG_0000000026,Maternal mortality ratio (per 100 000 live births),text,GLOBAL,(WHO) Global,WHO region,AMR,Americas,Year,2014,false,,,,,,,,,,,,,60,,,57,,64,60 [57 – 64],,,EN,2019-12-13T00:00:00.000Z
MORT_MATERNALNUM,Number of maternal deaths,numeric,GLOBAL,(WHO) Global,WHO region,EUR,Europe,Year,2014,false,,,,,,,,,,,,,1600,,,1500,,1800,"1,600 [1,500 – 1,800]",,,EN,2019-12-13T00:00:00.000Z
MORT_MATERNALNUM,Number of maternal deaths,numeric,GLOBAL,(WHO) Global,WHO region,WPR,Western Pacific,Year,2014,false,,,,,,,,,,,,,11000,,,9800,,13000,"11,000 [9,800 – 13,000]",,,EN,2019-12-13T00:00:00.000Z
MORT_MATERNALNUM,Number of maternal deaths,numeric,GLOBAL,(WHO) Global,WHO region,AFR,Africa,Year,2014,false,,,,,,,,,,,,,197000,,,182000,,228000,"197,000 [182,000 – 228,000]",,,EN,2019-12-13T00:00:00.000Z
MORT_MATERNALNUM,Number of maternal deaths,numeric,GLOBAL,(WHO) Global,WHO region,GLOBAL,(WHO) Global,Year,2014,false,,,,,,,,,,,,,313000,,,298000,,350000,"313,000 [298,000 – 350,000]",,,EN,2019-12-13T00:00:00.000Z
MORT_MATERNALNUM,Number of maternal deaths,numeric,GLOBAL,(WHO) Global,WHO region,EMR,Eastern Mediterranean,Year,2014,false,,,,,,,,,,,,,33000,,,28000,,41000,"33,000 [28,000 – 41,000]",,,EN,2019-12-13T00:00:00.000Z
MORT_MATERNALNUM,Number of maternal deaths,numeric,GLOBAL,(WHO) Global,WHO region,SEAR,South-East Asia,Year,2014,false,,,,,,,,,,,,,62000,,,55000,,71000,"62,000 [55,000 – 71,000]",,,EN,2019-12-13T00:00:00.000Z
MORT_MATERNALNUM,Number of maternal deaths,numeric,GLOBAL,(WHO) Global,WHO region,AMR,Americas,Year,2014,false,,,,,,,,,,,,,8900,,,8500,,9500,"8,900 [8,500 – 9,500]",,,EN,2019-12-13T00:00:00.000Z
MDG_0000000026,Maternal mortality ratio (per 100 000 live births),text,GLOBAL,(WHO) Global,WHO region,EUR,Europe,Year,2013,false,,,,,,,,,,,,,15,,,14,,16,15 [14 – 16],,,EN,2019-12-13T00:00:00.000Z
MDG_0000000026,Maternal mortality ratio (per 100 000 live births),text,GLOBAL,(WHO) Global,WHO region,SEAR,South-East Asia,Year,2013,false,,,,,,,,,,,,,182,,,163,,208,182 [163 – 208],,,EN,2019-12-13T00:00:00.000Z
MDG_0000000026,Maternal mortality ratio (per 100 000 live births),text,GLOBAL,(WHO) Global,WHO region,EMR,Eastern Mediterranean,Year,2013,false,,,,,,,,,,,,,190,,,164,,238,190 [164 – 238],,,EN,2019-12-13T00:00:00.000Z
MDG_0000000026,Maternal mortality ratio (per 100 000 live births),text,GLOBAL,(WHO) Global,WHO region,GLOBAL,(WHO) Global,Year,2013,false,,,,,,,,,,,,,229,,,218,,253,229 [218 – 253],,,EN,2019-12-13T00:00:00.000Z
MDG_0000000026,Maternal mortality ratio (per 100 000 live births),text,GLOBAL,(WHO) Global,WHO region,WPR,Western Pacific,Year,2013,false,,,,,,,,,,,,,46,,,41,,52,46 [41 – 52],,,EN,2019-12-13T00:00:00.000Z
MDG_0000000026,Maternal mortality ratio (per 100 000 live births),text,GLOBAL,(WHO) Global,WHO region,AFR,Africa,Year,2013,false,,,,,,,,,,,,,572,,,530,,653,572 [530 – 653],,,EN,2019-12-13T00:00:00.000Z
MDG_0000000026,Maternal mortality ratio (per 100 000 live births),text,GLOBAL,(WHO) Global,WHO region,AMR,Americas,Year,2013,false,,,,,,,,,,,,,60,,,58,,64,60 [58 – 64],,,EN,2019-12-13T00:00:00.000Z
MORT_MATERNALNUM,Number of maternal deaths,numeric,GLOBAL,(WHO) Global,WHO region,EUR,Europe,Year,2013,false,,,,,,,,,,,,,1700,,,1600,,1800,"1,700 [1,600 – 1,800]",,,EN,2019-12-13T00:00:00.000Z
MORT_MATERNALNUM,Number of maternal deaths,numeric,GLOBAL,(WHO) Global,WHO region,WPR,Western Pacific,Year,2013,false,,,,,,,,,,,,,11000,,,10000,,13000,"11,000 [10,000 – 13,000]",,,EN,2019-12-13T00:00:00.000Z
MORT_MATERNALNUM,Number of maternal deaths,numeric,GLOBAL,(WHO) Global,WHO region,AFR,Africa,Year,2013,false,,,,,,,,,,,,,198000,,,183000,,226000,"198,000 [183,000 – 226,000]",,,EN,2019-12-13T00:00:00.000Z
MORT_MATERNALNUM,Number of maternal deaths,numeric,GLOBAL,(WHO) Global,WHO region,GLOBAL,(WHO) Global,Year,2013,false,,,,,,,,,,,,,319000,,,304000,,352000,"319,000 [304,000 – 352,000]",,,EN,2019-12-13T00:00:00.000Z
MORT_MATERNALNUM,Number of maternal deaths,numeric,GLOBAL,(WHO) Global,WHO region,EMR,Eastern Mediterranean,Year,2013,false,,,,,,,,,,,,,33000,,,29000,,42000,"33,000 [29,000 – 42,000]",,,EN,2019-12-13T00:00:00.000Z
MORT_MATERNALNUM,Number of maternal deaths,numeric,GLOBAL,(WHO) Global,WHO region,SEAR,South-East Asia,Year,2013,false,,,,,,,,,,,,,66000,,,59000,,75000,"66,000 [59,000 – 75,000]",,,EN,2019-12-13T00:00:00.000Z
MORT_MATERNALNUM,Number of maternal deaths,numeric,GLOBAL,(WHO) Global,WHO region,AMR,Americas,Year,2013,false,,,,,,,,,,,,,9000,,,8600,,9600,"9,000 [8,600 – 9,600]",,,EN,2019-12-13T00:00:00.000Z
MDG_0000000026,Maternal mortality ratio (per 100 000 live births),text,GLOBAL,(WHO) Global,WHO region,EUR,Europe,Year,2012,false,,,,,,,,,,,,,15,,,15,,16,15 [15 – 16],,,EN,2019-12-13T00:00:00.000Z
MDG_0000000026,Maternal mortality ratio (per 100 000 live births),text,GLOBAL,(WHO) Global,WHO region,SEAR,South-East Asia,Year,2012,false,,,,,,,,,,,,,191,,,172,,217,191 [172 – 217],,,EN,2019-12-13T00:00:00.000Z
MDG_0000000026,Maternal mortality ratio (per 100 000 live births),text,GLOBAL,(WHO) Global,WHO region,EMR,Eastern Mediterranean,Year,2012,false,,,,,,,,,,,,,199,,,172,,247,199 [172 – 247],,,EN,2019-12-13T00:00:00.000Z
MDG_0000000026,Maternal mortality ratio (per 100 000 live births),text,GLOBAL,(WHO) Global,WHO region,GLOBAL,(WHO) Global,Year,2012,false,,,,,,,,,,,,,234,,,224,,257,234 [224 – 257],,,EN,2019-12-13T00:00:00.000Z
MDG_0000000026,Maternal mortality ratio (per 100 000 live births),text,GLOBAL,(WHO) Global,WHO region,WPR,Western Pacific,Year,2012,false,,,,,,,,,,,,,47,,,43,,53,47 [43 – 53],,,EN,2019-12-13T00:00:00.000Z
MDG_0000000026,Maternal mortality ratio (per 100 000 live births),text,GLOBAL,(WHO) Global,WHO region,AFR,Africa,Year,2012,false,,,,,,,,,,,,,585,,,542,,661,585 [542 – 661],,,EN,2019-12-13T00:00:00.000Z
MDG_0000000026,Maternal mortality ratio (per 100 000 live births),text,GLOBAL,(WHO) Global,WHO region,AMR,Americas,Year,2012,false,,,,,,,,,,,,,61,,,58,,65,61 [58 – 65],,,EN,2019-12-13T00:00:00.000Z
MORT_MATERNALNUM,Number of maternal deaths,numeric,GLOBAL,(WHO) Global,WHO region,EUR,Europe,Year,2012,false,,,,,,,,,,,,,1700,,,1700,,1900,"1,700 [1,700 – 1,900]",,,EN,2019-12-13T00:00:00.000Z
MORT_MATERNALNUM,Number of maternal deaths,numeric,GLOBAL,(WHO) Global,WHO region,WPR,Western Pacific,Year,2012,false,,,,,,,,,,,,,12000,,,11000,,13000,"12,000 [11,000 – 13,000]",,,EN,2019-12-13T00:00:00.000Z
MORT_MATERNALNUM,Number of maternal deaths,numeric,GLOBAL,(WHO) Global,WHO region,AFR,Africa,Year,2012,false,,,,,,,,,,,,,199000,,,185000,,225000,"199,000 [185,000 – 225,000]",,,EN,2019-12-13T00:00:00.000Z
MORT_MATERNALNUM,Number of maternal deaths,numeric,GLOBAL,(WHO) Global,WHO region,GLOBAL,(WHO) Global,Year,2012,false,,,,,,,,,,,,,326000,,,311000,,357000,"326,000 [311,000 – 357,000]",,,EN,2019-12-13T00:00:00.000Z
MORT_MATERNALNUM,Number of maternal deaths,numeric,GLOBAL,(WHO) Global,WHO region,EMR,Eastern Mediterranean,Year,2012,false,,,,,,,,,,,,,34000,,,30000,,43000,"34,000 [30,000 – 43,000]",,,EN,2019-12-13T00:00:00.000Z
MORT_MATERNALNUM,Number of maternal deaths,numeric,GLOBAL,(WHO) Global,WHO region,SEAR,South-East Asia,Year,2012,false,,,,,,,,,,,,,70000,,,63000,,79000,"70,000 [63,000 – 79,000]",,,EN,2019-12-13T00:00:00.000Z
MORT_MATERNALNUM,Number of maternal deaths,numeric,GLOBAL,(WHO) Global,WHO region,AMR,Americas,Year,2012,false,,,,,,,,,,,,,9200,,,8800,,9700,"9,200 [8,800 – 9,700]",,,EN,2019-12-13T00:00:00.000Z
MDG_0000000026,Maternal mortality ratio (per 100 000 live births),text,GLOBAL,(WHO) Global,WHO region,EUR,Europe,Year,2011,false,,,,,,,,,,,,,16,,,15,,17,16 [15 – 17],,,EN,2019-12-13T00:00:00.000Z
MDG_0000000026,Maternal mortality ratio (per 100 000 live births),text,GLOBAL,(WHO) Global,WHO region,SEAR,South-East Asia,Year,2011,false,,,,,,,,,,,,,202,,,182,,227,202 [182 – 227],,,EN,2019-12-13T00:00:00.000Z
MDG_0000000026,Maternal mortality ratio (per 100 000 live births),text,GLOBAL,(WHO) Global,WHO region,EMR,Eastern Mediterranean,Year,2011,false,,,,,,,,,,,,,208,,,181,,256,208 [181 – 256],,,EN,2019-12-13T00:00:00.000Z
MDG_0000000026,Maternal mortality ratio (per 100 000 live births),text,GLOBAL,(WHO) Global,WHO region,GLOBAL,(WHO) Global,Year,2011,false,,,,,,,,,,,,,241,,,230,,262,241 [230 – 262],,,EN,2019-12-13T00:00:00.000Z
MDG_0000000026,Maternal mortality ratio (per 100 000 live births),text,GLOBAL,(WHO) Global,WHO region,WPR,Western Pacific,Year,2011,false,,,,,,,,,,,,,49,,,45,,54,49 [45 – 54],,,EN,2019-12-13T00:00:00.000Z
MDG_0000000026,Maternal mortality ratio (per 100 000 live births),text,GLOBAL,(WHO) Global,WHO region,AFR,Africa,Year,2011,false,,,,,,,,,,,,,599,,,558,,671,599 [558 – 671],,,EN,2019-12-13T00:00:00.000Z
MDG_0000000026,Maternal mortality ratio (per 100 000 live births),text,GLOBAL,(WHO) Global,WHO region,AMR,Americas,Year,2011,false,,,,,,,,,,,,,62,,,60,,65,62 [60 – 65],,,EN,2019-12-13T00:00:00.000Z
MORT_MATERNALNUM,Number of maternal deaths,numeric,GLOBAL,(WHO) Global,WHO region,EUR,Europe,Year,2011,false,,,,,,,,,,,,,1800,,,1700,,1900,"1,800 [1,700 – 1,900]",,,EN,2019-12-13T00:00:00.000Z
MORT_MATERNALNUM,Number of maternal deaths,numeric,GLOBAL,(WHO) Global,WHO region,WPR,Western Pacific,Year,2011,false,,,,,,,,,,,,,12000,,,11000,,13000,"12,000 [11,000 – 13,000]",,,EN,2019-12-13T00:00:00.000Z
MORT_MATERNALNUM,Number of maternal deaths,numeric,GLOBAL,(WHO) Global,WHO region,AFR,Africa,Year,2011,false,,,,,,,,,,,,,201000,,,187000,,225000,"201,000 [187,000 – 225,000]",,,EN,2019-12-13T00:00:00.000Z
MORT_MATERNALNUM,Number of maternal deaths,numeric,GLOBAL,(WHO) Global,WHO region,GLOBAL,(WHO) Global,Year,2011,false,,,,,,,,,,,,,334000,,,320000,,364000,"334,000 [320,000 – 364,000]",,,EN,2019-12-13T00:00:00.000Z
MORT_MATERNALNUM,Number of maternal deaths,numeric,GLOBAL,(WHO) Global,WHO region,EMR,Eastern Mediterranean,Year,2011,false,,,,,,,,,,,,,35000,,,31000,,43000,"35,000 [31,000 – 43,000]",,,EN,2019-12-13T00:00:00.000Z
MORT_MATERNALNUM,Number of maternal deaths,numeric,GLOBAL,(WHO) Global,WHO region,SEAR,South-East Asia,Year,2011,false,,,,,,,,,,,,,74000,,,67000,,84000,"74,000 [67,000 – 84,000]",,,EN,2019-12-13T00:00:00.000Z
MORT_MATERNALNUM,Number of maternal deaths,numeric,GLOBAL,(WHO) Global,WHO region,AMR,Americas,Year,2011,false,,,,,,,,,,,,,9400,,,9000,,9900,"9,400 [9,000 – 9,900]",,,EN,2019-12-13T00:00:00.000Z
MDG_0000000026,Maternal mortality ratio (per 100 000 live births),text,GLOBAL,(WHO) Global,WHO region,EUR,Europe,Year,2010,false,,,,,,,,,,,,,17,,,16,,18,17 [16 – 18],,,EN,2019-12-13T00:00:00.000Z
MDG_0000000026,Maternal mortality ratio (per 100 000 live births),text,GLOBAL,(WHO) Global,WHO region,SEAR,South-East Asia,Year,2010,false,,,,,,,,,,,,,214,,,193,,240,214 [193 – 240],,,EN,2019-12-13T00:00:00.000Z
MDG_0000000026,Maternal mortality ratio (per 100 000 live births),text,GLOBAL,(WHO) Global,WHO region,EMR,Eastern Mediterranean,Year,2010,false,,,,,,,,,,,,,220,,,191,,268,220 [191 – 268],,,EN,2019-12-13T00:00:00.000Z
MDG_0000000026,Maternal mortality ratio (per 100 000 live births),text,GLOBAL,(WHO) Global,WHO region,GLOBAL,(WHO) Global,Year,2010,false,,,,,,,,,,,,,248,,,238,,269,248 [238 – 269],,,EN,2019-12-13T00:00:00.000Z
MDG_0000000026,Maternal mortality ratio (per 100 000 live births),text,GLOBAL,(WHO) Global,WHO region,WPR,Western Pacific,Year,2010,false,,,,,,,,,,,,,51,,,47,,56,51 [47 – 56],,,EN,2019-12-13T00:00:00.000Z
MDG_0000000026,Maternal mortality ratio (per 100 000 live births),text,GLOBAL,(WHO) Global,WHO region,AFR,Africa,Year,2010,false,,,,,,,,,,,,,615,,,575,,684,615 [575 – 684],,,EN,2019-12-13T00:00:00.000Z
MDG_0000000026,Maternal mortality ratio (per 100 000 live births),text,GLOBAL,(WHO) Global,WHO region,AMR,Americas,Year,2010,false,,,,,,,,,,,,,64,,,61,,68,64 [61 – 68],,,EN,2019-12-13T00:00:00.000Z
MORT_MATERNALNUM,Number of maternal deaths,numeric,GLOBAL,(WHO) Global,WHO region,EUR,Europe,Year,2010,false,,,,,,,,,,,,,1900,,,1800,,2000,"1,900 [1,800 – 2,000]",,,EN,2019-12-13T00:00:00.000Z
MORT_MATERNALNUM,Number of maternal deaths,numeric,GLOBAL,(WHO) Global,WHO region,WPR,Western Pacific,Year,2010,false,,,,,,,,,,,,,13000,,,12000,,14000,"13,000 [12,000 – 14,000]",,,EN,2019-12-13T00:00:00.000Z
MORT_MATERNALNUM,Number of maternal deaths,numeric,GLOBAL,(WHO) Global,WHO region,AFR,Africa,Year,2010,false,,,,,,,,,,,,,203000,,,190000,,225000,"203,000 [190,000 – 225,000]",,,EN,2019-12-13T00:00:00.000Z
MORT_MATERNALNUM,Number of maternal deaths,numeric,GLOBAL,(WHO) Global,WHO region,GLOBAL,(WHO) Global,Year,2010,false,,,,,,,,,,,,,343000,,,329000,,372000,"343,000 [329,000 – 372,000]",,,EN,2019-12-13T00:00:00.000Z
MORT_MATERNALNUM,Number of maternal deaths,numeric,GLOBAL,(WHO) Global,WHO region,EMR,Eastern Mediterranean,Year,2010,false,,,,,,,,,,,,,37000,,,32000,,45000,"37,000 [32,000 – 45,000]",,,EN,2019-12-13T00:00:00.000Z
MORT_MATERNALNUM,Number of maternal deaths,numeric,GLOBAL,(WHO) Global,WHO region,SEAR,South-East Asia,Year,2010,false,,,,,,,,,,,,,80000,,,72000,,90000,"80,000 [72,000 – 90,000]",,,EN,2019-12-13T00:00:00.000Z
MORT_MATERNALNUM,Number of maternal deaths,numeric,GLOBAL,(WHO) Global,WHO region,AMR,Americas,Year,2010,false,,,,,,,,,,,,,9700,,,9300,,10000,"9,700 [9,300 – 10,000]",,,EN,2019-12-13T00:00:00.000Z
MDG_0000000026,Maternal mortality ratio (per 100 000 live births),text,GLOBAL,(WHO) Global,WHO region,EUR,Europe,Year,2009,false,,,,,,,,,,,,,17,,,17,,19,17 [17 – 19],,,EN,2019-12-13T00:00:00.000Z
MDG_0000000026,Maternal mortality ratio (per 100 000 live births),text,GLOBAL,(WHO) Global,WHO region,SEAR,South-East Asia,Year,2009,false,,,,,,,,,,,,,226,,,205,,253,226 [205 – 253],,,EN,2019-12-13T00:00:00.000Z
MDG_0000000026,Maternal mortality ratio (per 100 000 live births),text,GLOBAL,(WHO) Global,WHO region,EMR,Eastern Mediterranean,Year,2009,false,,,,,,,,,,,,,230,,,201,,279,230 [201 – 279],,,EN,2019-12-13T00:00:00.000Z
MDG_0000000026,Maternal mortality ratio (per 100 000 live births),text,GLOBAL,(WHO) Global,WHO region,GLOBAL,(WHO) Global,Year,2009,false,,,,,,,,,,,,,257,,,246,,276,257 [246 – 276],,,EN,2019-12-13T00:00:00.000Z
MDG_0000000026,Maternal mortality ratio (per 100 000 live births),text,GLOBAL,(WHO) Global,WHO region,WPR,Western Pacific,Year,2009,false,,,,,,,,,,,,,53,,,49,,58,53 [49 – 58],,,EN,2019-12-13T00:00:00.000Z
MDG_0000000026,Maternal mortality ratio (per 100 000 live births),text,GLOBAL,(WHO) Global,WHO region,AFR,Africa,Year,2009,false,,,,,,,,,,,,,634,,,594,,699,634 [594 – 699],,,EN,2019-12-13T00:00:00.000Z
MDG_0000000026,Maternal mortality ratio (per 100 000 live births),text,GLOBAL,(WHO) Global,WHO region,AMR,Americas,Year,2009,false,,,,,,,,,,,,,66,,,64,,69,66 [64 – 69],,,EN,2019-12-13T00:00:00.000Z
MORT_MATERNALNUM,Number of maternal deaths,numeric,GLOBAL,(WHO) Global,WHO region,AMR,Americas,Year,2009,false,,,,,,,,,,,,,10000,,,9700,,11000,"10,000 [9,700 – 11,000]",,,EN,2019-12-13T00:00:00.000Z
MORT_MATERNALNUM,Number of maternal deaths,numeric,GLOBAL,(WHO) Global,WHO region,WPR,Western Pacific,Year,2009,false,,,,,,,,,,,,,13000,,,12000,,14000,"13,000 [12,000 – 14,000]",,,EN,2019-12-13T00:00:00.000Z
MORT_MATERNALNUM,Number of maternal deaths,numeric,GLOBAL,(WHO) Global,WHO region,EUR,Europe,Year,2009,false,,,,,,,,,,,,,2000,,,1900,,2100,"2,000 [1,900 – 2,100]",,,EN,2019-12-13T00:00:00.000Z
MORT_MATERNALNUM,Number of maternal deaths,numeric,GLOBAL,(WHO) Global,WHO region,AFR,Africa,Year,2009,false,,,,,,,,,,,,,205000,,,192000,,226000,"205,000 [192,000 – 226,000]",,,EN,2019-12-13T00:00:00.000Z
MORT_MATERNALNUM,Number of maternal deaths,numeric,GLOBAL,(WHO) Global,WHO region,GLOBAL,(WHO) Global,Year,2009,false,,,,,,,,,,,,,353000,,,339000,,381000,"353,000 [339,000 – 381,000]",,,EN,2019-12-13T00:00:00.000Z
MORT_MATERNALNUM,Number of maternal deaths,numeric,GLOBAL,(WHO) Global,WHO region,EMR,Eastern Mediterranean,Year,2009,false,,,,,,,,,,,,,38000,,,33000,,46000,"38,000 [33,000 – 46,000]",,,EN,2019-12-13T00:00:00.000Z
MORT_MATERNALNUM,Number of maternal deaths,numeric,GLOBAL,(WHO) Global,WHO region,SEAR,South-East Asia,Year,2009,false,,,,,,,,,,,,,86000,,,78000,,96000,"86,000 [78,000 – 96,000]",,,EN,2019-12-13T00:00:00.000Z
MDG_0000000026,Maternal mortality ratio (per 100 000 live births),text,GLOBAL,(WHO) Global,WHO region,EUR,Europe,Year,2008,false,,,,,,,,,,,,,18,,,18,,20,18 [18 – 20],,,EN,2019-12-13T00:00:00.000Z
MDG_0000000026,Maternal mortality ratio (per 100 000 live births),text,GLOBAL,(WHO) Global,WHO region,SEAR,South-East Asia,Year,2008,false,,,,,,,,,,,,,239,,,217,,267,239 [217 – 267],,,EN,2019-12-13T00:00:00.000Z
MDG_0000000026,Maternal mortality ratio (per 100 000 live births),text,GLOBAL,(WHO) Global,WHO region,EMR,Eastern Mediterranean,Year,2008,false,,,,,,,,,,,,,241,,,211,,289,241 [211 – 289],,,EN,2019-12-13T00:00:00.000Z
MDG_0000000026,Maternal mortality ratio (per 100 000 live births),text,GLOBAL,(WHO) Global,WHO region,GLOBAL,(WHO) Global,Year,2008,false,,,,,,,,,,,,,265,,,255,,284,265 [255 – 284],,,EN,2019-12-13T00:00:00.000Z
MDG_0000000026,Maternal mortality ratio (per 100 000 live births),text,GLOBAL,(WHO) Global,WHO region,WPR,Western Pacific,Year,2008,false,,,,,,,,,,,,,55,,,52,,60,55 [52 – 60],,,EN,2019-12-13T00:00:00.000Z
MDG_0000000026,Maternal mortality ratio (per 100 000 live births),text,GLOBAL,(WHO) Global,WHO region,AMR,Americas,Year,2008,false,,,,,,,,,,,,,65,,,63,,69,65 [63 – 69],,,EN,2019-12-13T00:00:00.000Z
MDG_0000000026,Maternal mortality ratio (per 100 000 live births),text,GLOBAL,(WHO) Global,WHO region,AFR,Africa,Year,2008,false,,,,,,,,,,,,,653,,,613,,716,653 [613 – 716],,,EN,2019-12-13T00:00:00.000Z
MORT_MATERNALNUM,Number of maternal deaths,numeric,GLOBAL,(WHO) Global,WHO region,AMR,Americas,Year,2008,false,,,,,,,,,,,,,10000,,,9700,,11000,"10,000 [9,700 – 11,000]",,,EN,2019-12-13T00:00:00.000Z
MORT_MATERNALNUM,Number of maternal deaths,numeric,GLOBAL,(WHO) Global,WHO region,WPR,Western Pacific,Year,2008,false,,,,,,,,,,,,,14000,,,13000,,15000,"14,000 [13,000 – 15,000]",,,EN,2019-12-13T00:00:00.000Z
MORT_MATERNALNUM,Number of maternal deaths,numeric,GLOBAL,(WHO) Global,WHO region,EUR,Europe,Year,2008,false,,,,,,,,,,,,,2100,,,2000,,2200,"2,100 [2,000 – 2,200]",,,EN,2019-12-13T00:00:00.000Z
MORT_MATERNALNUM,Number of maternal deaths,numeric,GLOBAL,(WHO) Global,WHO region,AFR,Africa,Year,2008,false,,,,,,,,,,,,,207000,,,195000,,227000,"207,000 [195,000 – 227,000]",,,EN,2019-12-13T00:00:00.000Z
MORT_MATERNALNUM,Number of maternal deaths,numeric,GLOBAL,(WHO) Global,WHO region,GLOBAL,(WHO) Global,Year,2008,false,,,,,,,,,,,,,363000,,,349000,,390000,"363,000 [349,000 – 390,000]",,,EN,2019-12-13T00:00:00.000Z
MORT_MATERNALNUM,Number of maternal deaths,numeric,GLOBAL,(WHO) Global,WHO region,EMR,Eastern Mediterranean,Year,2008,false,,,,,,,,,,,,,39000,,,34000,,47000,"39,000 [34,000 – 47,000]",,,EN,2019-12-13T00:00:00.000Z
MORT_MATERNALNUM,Number of maternal deaths,numeric,GLOBAL,(WHO) Global,WHO region,SEAR,South-East Asia,Year,2008,false,,,,,,,,,,,,,92000,,,83000,,102000,"92,000 [83,000 – 102,000]",,,EN,2019-12-13T00:00:00.000Z
MDG_0000000026,Maternal mortality ratio (per 100 000 live births),text,GLOBAL,(WHO) Global,WHO region,EUR,Europe,Year,2007,false,,,,,,,,,,,,,19,,,18,,21,19 [18 – 21],,,EN,2019-12-13T00:00:00.000Z
MDG_0000000026,Maternal mortality ratio (per 100 000 live births),text,GLOBAL,(WHO) Global,WHO region,SEAR,South-East Asia,Year,2007,false,,,,,,,,,,,,,252,,,229,,281,252 [229 – 281],,,EN,2019-12-13T00:00:00.000Z
MDG_0000000026,Maternal mortality ratio (per 100 000 live births),text,GLOBAL,(WHO) Global,WHO region,EMR,Eastern Mediterranean,Year,2007,false,,,,,,,,,,,,,255,,,225,,304,255 [225 – 304],,,EN,2019-12-13T00:00:00.000Z
MDG_0000000026,Maternal mortality ratio (per 100 000 live births),text,GLOBAL,(WHO) Global,WHO region,GLOBAL,(WHO) Global,Year,2007,false,,,,,,,,,,,,,274,,,263,,293,274 [263 – 293],,,EN,2019-12-13T00:00:00.000Z
MDG_0000000026,Maternal mortality ratio (per 100 000 live births),text,GLOBAL,(WHO) Global,WHO region,WPR,Western Pacific,Year,2007,false,,,,,,,,,,,,,56,,,53,,61,56 [53 – 61],,,EN,2019-12-13T00:00:00.000Z
MDG_0000000026,Maternal mortality ratio (per 100 000 live births),text,GLOBAL,(WHO) Global,WHO region,AMR,Americas,Year,2007,false,,,,,,,,,,,,,66,,,64,,69,66 [64 – 69],,,EN,2019-12-13T00:00:00.000Z
MDG_0000000026,Maternal mortality ratio (per 100 000 live births),text,GLOBAL,(WHO) Global,WHO region,AFR,Africa,Year,2007,false,,,,,,,,,,,,,673,,,634,,736,673 [634 – 736],,,EN,2019-12-13T00:00:00.000Z
MORT_MATERNALNUM,Number of maternal deaths,numeric,GLOBAL,(WHO) Global,WHO region,AMR,Americas,Year,2007,false,,,,,,,,,,,,,10000,,,9900,,11000,"10,000 [9,900 – 11,000]",,,EN,2019-12-13T00:00:00.000Z
MORT_MATERNALNUM,Number of maternal deaths,numeric,GLOBAL,(WHO) Global,WHO region,WPR,Western Pacific,Year,2007,false,,,,,,,,,,,,,14000,,,13000,,15000,"14,000 [13,000 – 15,000]",,,EN,2019-12-13T00:00:00.000Z
MORT_MATERNALNUM,Number of maternal deaths,numeric,GLOBAL,(WHO) Global,WHO region,EUR,Europe,Year,2007,false,,,,,,,,,,,,,2100,,,2000,,2300,"2,100 [2,000 – 2,300]",,,EN,2019-12-13T00:00:00.000Z
MORT_MATERNALNUM,Number of maternal deaths,numeric,GLOBAL,(WHO) Global,WHO region,AFR,Africa,Year,2007,false,,,,,,,,,,,,,209000,,,197000,,229000,"209,000 [197,000 – 229,000]",,,EN,2019-12-13T00:00:00.000Z
MORT_MATERNALNUM,Number of maternal deaths,numeric,GLOBAL,(WHO) Global,WHO region,GLOBAL,(WHO) Global,Year,2007,false,,,,,,,,,,,,,373000,,,359000,,400000,"373,000 [359,000 – 400,000]",,,EN,2019-12-13T00:00:00.000Z
MORT_MATERNALNUM,Number of maternal deaths,numeric,GLOBAL,(WHO) Global,WHO region,EMR,Eastern Mediterranean,Year,2007,false,,,,,,,,,,,,,40000,,,36000,,48000,"40,000 [36,000 – 48,000]",,,EN,2019-12-13T00:00:00.000Z
MORT_MATERNALNUM,Number of maternal deaths,numeric,GLOBAL,(WHO) Global,WHO region,SEAR,South-East Asia,Year,2007,false,,,,,,,,,,,,,98000,,,89000,,109000,"98,000 [89,000 – 109,000]",,,EN,2019-12-13T00:00:00.000Z
MDG_0000000026,Maternal mortality ratio (per 100 000 live births),text,GLOBAL,(WHO) Global,WHO region,EUR,Europe,Year,2006,false,,,,,,,,,,,,,20,,,19,,22,20 [19 – 22],,,EN,2019-12-13T00:00:00.000Z
MDG_0000000026,Maternal mortality ratio (per 100 000 live births),text,GLOBAL,(WHO) Global,WHO region,SEAR,South-East Asia,Year,2006,false,,,,,,,,,,,,,266,,,241,,296,266 [241 – 296],,,EN,2019-12-13T00:00:00.000Z
MDG_0000000026,Maternal mortality ratio (per 100 000 live births),text,GLOBAL,(WHO) Global,WHO region,EMR,Eastern Mediterranean,Year,2006,false,,,,,,,,,,,,,267,,,235,,316,267 [235 – 316],,,EN,2019-12-13T00:00:00.000Z
MDG_0000000026,Maternal mortality ratio (per 100 000 live births),text,GLOBAL,(WHO) Global,WHO region,GLOBAL,(WHO) Global,Year,2006,false,,,,,,,,,,,,,284,,,274,,304,284 [274 – 304],,,EN,2019-12-13T00:00:00.000Z
MDG_0000000026,Maternal mortality ratio (per 100 000 live births),text,GLOBAL,(WHO) Global,WHO region,WPR,Western Pacific,Year,2006,false,,,,,,,,,,,,,59,,,55,,64,59 [55 – 64],,,EN,2019-12-13T00:00:00.000Z
MDG_0000000026,Maternal mortality ratio (per 100 000 live births),text,GLOBAL,(WHO) Global,WHO region,AMR,Americas,Year,2006,false,,,,,,,,,,,,,67,,,65,,70,67 [65 – 70],,,EN,2019-12-13T00:00:00.000Z
MDG_0000000026,Maternal mortality ratio (per 100 000 live births),text,GLOBAL,(WHO) Global,WHO region,AFR,Africa,Year,2006,false,,,,,,,,,,,,,701,,,661,,765,701 [661 – 765],,,EN,2019-12-13T00:00:00.000Z
MORT_MATERNALNUM,Number of maternal deaths,numeric,GLOBAL,(WHO) Global,WHO region,AMR,Americas,Year,2006,false,,,,,,,,,,,,,10000,,,10000,,11000,"10,000 [10,000 – 11,000]",,,EN,2019-12-13T00:00:00.000Z
MORT_MATERNALNUM,Number of maternal deaths,numeric,GLOBAL,(WHO) Global,WHO region,SEAR,South-East Asia,Year,2006,false,,,,,,,,,,,,,104000,,,94000,,116000,"104,000 [94,000 – 116,000]",,,EN,2019-12-13T00:00:00.000Z
MORT_MATERNALNUM,Number of maternal deaths,numeric,GLOBAL,(WHO) Global,WHO region,WPR,Western Pacific,Year,2006,false,,,,,,,,,,,,,14000,,,13000,,15000,"14,000 [13,000 – 15,000]",,,EN,2019-12-13T00:00:00.000Z
MORT_MATERNALNUM,Number of maternal deaths,numeric,GLOBAL,(WHO) Global,WHO region,EUR,Europe,Year,2006,false,,,,,,,,,,,,,2200,,,2100,,2300,"2,200 [2,100 – 2,300]",,,EN,2019-12-13T00:00:00.000Z
MORT_MATERNALNUM,Number of maternal deaths,numeric,GLOBAL,(WHO) Global,WHO region,AFR,Africa,Year,2006,false,,,,,,,,,,,,,214000,,,202000,,233000,"214,000 [202,000 – 233,000]",,,EN,2019-12-13T00:00:00.000Z
MORT_MATERNALNUM,Number of maternal deaths,numeric,GLOBAL,(WHO) Global,WHO region,GLOBAL,(WHO) Global,Year,2006,false,,,,,,,,,,,,,386000,,,371000,,412000,"386,000 [371,000 – 412,000]",,,EN,2019-12-13T00:00:00.000Z
MORT_MATERNALNUM,Number of maternal deaths,numeric,GLOBAL,(WHO) Global,WHO region,EMR,Eastern Mediterranean,Year,2006,false,,,,,,,,,,,,,41000,,,36000,,49000,"41,000 [36,000 – 49,000]",,,EN,2019-12-13T00:00:00.000Z
MDG_0000000026,Maternal mortality ratio (per 100 000 live births),text,GLOBAL,(WHO) Global,WHO region,EUR,Europe,Year,2005,false,,,,,,,,,,,,,22,,,21,,24,22 [21 – 24],,,EN,2019-12-13T00:00:00.000Z
MDG_0000000026,Maternal mortality ratio (per 100 000 live births),text,GLOBAL,(WHO) Global,WHO region,EMR,Eastern Mediterranean,Year,2005,false,,,,,,,,,,,,,275,,,239,,333,275 [239 – 333],,,EN,2019-12-13T00:00:00.000Z
MDG_0000000026,Maternal mortality ratio (per 100 000 live births),text,GLOBAL,(WHO) Global,WHO region,SEAR,South-East Asia,Year,2005,false,,,,,,,,,,,,,280,,,255,,312,280 [255 – 312],,,EN,2019-12-13T00:00:00.000Z
MDG_0000000026,Maternal mortality ratio (per 100 000 live births),text,GLOBAL,(WHO) Global,WHO region,GLOBAL,(WHO) Global,Year,2005,false,,,,,,,,,,,,,296,,,285,,317,296 [285 – 317],,,EN,2019-12-13T00:00:00.000Z
MDG_0000000026,Maternal mortality ratio (per 100 000 live births),text,GLOBAL,(WHO) Global,WHO region,WPR,Western Pacific,Year,2005,false,,,,,,,,,,,,,61,,,57,,66,61 [57 – 66],,,EN,2019-12-13T00:00:00.000Z
MDG_0000000026,Maternal mortality ratio (per 100 000 live births),text,GLOBAL,(WHO) Global,WHO region,AMR,Americas,Year,2005,false,,,,,,,,,,,,,68,,,66,,71,68 [66 – 71],,,EN,2019-12-13T00:00:00.000Z
MDG_0000000026,Maternal mortality ratio (per 100 000 live births),text,GLOBAL,(WHO) Global,WHO region,AFR,Africa,Year,2005,false,,,,,,,,,,,,,735,,,693,,801,735 [693 – 801],,,EN,2019-12-13T00:00:00.000Z
MORT_MATERNALNUM,Number of maternal deaths,numeric,GLOBAL,(WHO) Global,WHO region,AMR,Americas,Year,2005,false,,,,,,,,,,,,,11000,,,10000,,11000,"11,000 [10,000 – 11,000]",,,EN,2019-12-13T00:00:00.000Z
MORT_MATERNALNUM,Number of maternal deaths,numeric,GLOBAL,(WHO) Global,WHO region,SEAR,South-East Asia,Year,2005,false,,,,,,,,,,,,,110000,,,100000,,123000,"110,000 [100,000 – 123,000]",,,EN,2019-12-13T00:00:00.000Z
MORT_MATERNALNUM,Number of maternal deaths,numeric,GLOBAL,(WHO) Global,WHO region,WPR,Western Pacific,Year,2005,false,,,,,,,,,,,,,15000,,,14000,,16000,"15,000 [14,000 – 16,000]",,,EN,2019-12-13T00:00:00.000Z
MORT_MATERNALNUM,Number of maternal deaths,numeric,GLOBAL,(WHO) Global,WHO region,EUR,Europe,Year,2005,false,,,,,,,,,,,,,2300,,,2200,,2500,"2,300 [2,200 – 2,500]",,,EN,2019-12-13T00:00:00.000Z
MORT_MATERNALNUM,Number of maternal deaths,numeric,GLOBAL,(WHO) Global,WHO region,AFR,Africa,Year,2005,false,,,,,,,,,,,,,219000,,,207000,,239000,"219,000 [207,000 – 239,000]",,,EN,2019-12-13T00:00:00.000Z
MORT_MATERNALNUM,Number of maternal deaths,numeric,GLOBAL,(WHO) Global,WHO region,GLOBAL,(WHO) Global,Year,2005,false,,,,,,,,,,,,,399000,,,384000,,427000,"399,000 [384,000 – 427,000]",,,EN,2019-12-13T00:00:00.000Z
MORT_MATERNALNUM,Number of maternal deaths,numeric,GLOBAL,(WHO) Global,WHO region,EMR,Eastern Mediterranean,Year,2005,false,,,,,,,,,,,,,42000,,,37000,,51000,"42,000 [37,000 – 51,000]",,,EN,2019-12-13T00:00:00.000Z
MDG_0000000026,Maternal mortality ratio (per 100 000 live births),text,GLOBAL,(WHO) Global,WHO region,EUR,Europe,Year,2004,false,,,,,,,,,,,,,23,,,22,,24,23 [22 – 24],,,EN,2019-12-13T00:00:00.000Z
MDG_0000000026,Maternal mortality ratio (per 100 000 live births),text,GLOBAL,(WHO) Global,WHO region,EMR,Eastern Mediterranean,Year,2004,false,,,,,,,,,,,,,286,,,251,,338,286 [251 – 338],,,EN,2019-12-13T00:00:00.000Z
MDG_0000000026,Maternal mortality ratio (per 100 000 live births),text,GLOBAL,(WHO) Global,WHO region,SEAR,South-East Asia,Year,2004,false,,,,,,,,,,,,,297,,,270,,332,297 [270 – 332],,,EN,2019-12-13T00:00:00.000Z
MDG_0000000026,Maternal mortality ratio (per 100 000 live births),text,GLOBAL,(WHO) Global,WHO region,GLOBAL,(WHO) Global,Year,2004,false,,,,,,,,,,,,,309,,,297,,331,309 [297 – 331],,,EN,2019-12-13T00:00:00.000Z
MDG_0000000026,Maternal mortality ratio (per 100 000 live births),text,GLOBAL,(WHO) Global,WHO region,WPR,Western Pacific,Year,2004,false,,,,,,,,,,,,,63,,,59,,68,63 [59 – 68],,,EN,2019-12-13T00:00:00.000Z
MDG_0000000026,Maternal mortality ratio (per 100 000 live births),text,GLOBAL,(WHO) Global,WHO region,AMR,Americas,Year,2004,false,,,,,,,,,,,,,70,,,68,,73,70 [68 – 73],,,EN,2019-12-13T00:00:00.000Z
MDG_0000000026,Maternal mortality ratio (per 100 000 live births),text,GLOBAL,(WHO) Global,WHO region,AFR,Africa,Year,2004,false,,,,,,,,,,,,,771,,,726,,841,771 [726 – 841],,,EN,2019-12-13T00:00:00.000Z
MORT_MATERNALNUM,Number of maternal deaths,numeric,GLOBAL,(WHO) Global,WHO region,AMR,Americas,Year,2004,false,,,,,,,,,,,,,11000,,,11000,,11000,"11,000 [11,000 – 11,000]",,,EN,2019-12-13T00:00:00.000Z
MORT_MATERNALNUM,Number of maternal deaths,numeric,GLOBAL,(WHO) Global,WHO region,SEAR,South-East Asia,Year,2004,false,,,,,,,,,,,,,117000,,,107000,,131000,"117,000 [107,000 – 131,000]",,,EN,2019-12-13T00:00:00.000Z
MORT_MATERNALNUM,Number of maternal deaths,numeric,GLOBAL,(WHO) Global,WHO region,WPR,Western Pacific,Year,2004,false,,,,,,,,,,,,,15000,,,14000,,16000,"15,000 [14,000 – 16,000]",,,EN,2019-12-13T00:00:00.000Z
MORT_MATERNALNUM,Number of maternal deaths,numeric,GLOBAL,(WHO) Global,WHO region,EUR,Europe,Year,2004,false,,,,,,,,,,,,,2400,,,2300,,2600,"2,400 [2,300 – 2,600]",,,EN,2019-12-13T00:00:00.000Z
MORT_MATERNALNUM,Number of maternal deaths,numeric,GLOBAL,(WHO) Global,WHO region,AFR,Africa,Year,2004,false,,,,,,,,,,,,,225000,,,212000,,246000,"225,000 [212,000 – 246,000]",,,EN,2019-12-13T00:00:00.000Z
MORT_MATERNALNUM,Number of maternal deaths,numeric,GLOBAL,(WHO) Global,WHO region,GLOBAL,(WHO) Global,Year,2004,false,,,,,,,,,,,,,414000,,,398000,,443000,"414,000 [398,000 – 443,000]",,,EN,2019-12-13T00:00:00.000Z
MORT_MATERNALNUM,Number of maternal deaths,numeric,GLOBAL,(WHO) Global,WHO region,EMR,Eastern Mediterranean,Year,2004,false,,,,,,,,,,,,,43000,,,38000,,51000,"43,000 [38,000 – 51,000]",,,EN,2019-12-13T00:00:00.000Z
MDG_0000000026,Maternal mortality ratio (per 100 000 live births),text,GLOBAL,(WHO) Global,WHO region,EUR,Europe,Year,2003,false,,,,,,,,,,,,,24,,,23,,26,24 [23 – 26],,,EN,2019-12-13T00:00:00.000Z
MDG_0000000026,Maternal mortality ratio (per 100 000 live births),text,GLOBAL,(WHO) Global,WHO region,EMR,Eastern Mediterranean,Year,2003,false,,,,,,,,,,,,,298,,,261,,352,298 [261 – 352],,,EN,2019-12-13T00:00:00.000Z
MDG_0000000026,Maternal mortality ratio (per 100 000 live births),text,GLOBAL,(WHO) Global,WHO region,SEAR,South-East Asia,Year,2003,false,,,,,,,,,,,,,311,,,283,,346,311 [283 – 346],,,EN,2019-12-13T00:00:00.000Z
MDG_0000000026,Maternal mortality ratio (per 100 000 live births),text,GLOBAL,(WHO) Global,WHO region,GLOBAL,(WHO) Global,Year,2003,false,,,,,,,,,,,,,319,,,306,,341,319 [306 – 341],,,EN,2019-12-13T00:00:00.000Z
MDG_0000000026,Maternal mortality ratio (per 100 000 live births),text,GLOBAL,(WHO) Global,WHO region,WPR,Western Pacific,Year,2003,false,,,,,,,,,,,,,66,,,62,,71,66 [62 – 71],,,EN,2019-12-13T00:00:00.000Z
MDG_0000000026,Maternal mortality ratio (per 100 000 live births),text,GLOBAL,(WHO) Global,WHO region,AMR,Americas,Year,2003,false,,,,,,,,,,,,,70,,,68,,73,70 [68 – 73],,,EN,2019-12-13T00:00:00.000Z
MDG_0000000026,Maternal mortality ratio (per 100 000 live births),text,GLOBAL,(WHO) Global,WHO region,AFR,Africa,Year,2003,false,,,,,,,,,,,,,801,,,752,,876,801 [752 – 876],,,EN,2019-12-13T00:00:00.000Z
MORT_MATERNALNUM,Number of maternal deaths,numeric,GLOBAL,(WHO) Global,WHO region,AMR,Americas,Year,2003,false,,,,,,,,,,,,,11000,,,11000,,11000,"11,000 [11,000 – 11,000]",,,EN,2019-12-13T00:00:00.000Z
MORT_MATERNALNUM,Number of maternal deaths,numeric,GLOBAL,(WHO) Global,WHO region,SEAR,South-East Asia,Year,2003,false,,,,,,,,,,,,,123000,,,112000,,137000,"123,000 [112,000 – 137,000]",,,EN,2019-12-13T00:00:00.000Z
MORT_MATERNALNUM,Number of maternal deaths,numeric,GLOBAL,(WHO) Global,WHO region,WPR,Western Pacific,Year,2003,false,,,,,,,,,,,,,16000,,,15000,,17000,"16,000 [15,000 – 17,000]",,,EN,2019-12-13T00:00:00.000Z
MORT_MATERNALNUM,Number of maternal deaths,numeric,GLOBAL,(WHO) Global,WHO region,EUR,Europe,Year,2003,false,,,,,,,,,,,,,2500,,,2400,,2700,"2,500 [2,400 – 2,700]",,,EN,2019-12-13T00:00:00.000Z
MORT_MATERNALNUM,Number of maternal deaths,numeric,GLOBAL,(WHO) Global,WHO region,AFR,Africa,Year,2003,false,,,,,,,,,,,,,229000,,,215000,,250000,"229,000 [215,000 – 250,000]",,,EN,2019-12-13T00:00:00.000Z
MORT_MATERNALNUM,Number of maternal deaths,numeric,GLOBAL,(WHO) Global,WHO region,GLOBAL,(WHO) Global,Year,2003,false,,,,,,,,,,,,,426000,,,408000,,455000,"426,000 [408,000 – 455,000]",,,EN,2019-12-13T00:00:00.000Z
MORT_MATERNALNUM,Number of maternal deaths,numeric,GLOBAL,(WHO) Global,WHO region,EMR,Eastern Mediterranean,Year,2003,false,,,,,,,,,,,,,45000,,,39000,,53000,"45,000 [39,000 – 53,000]",,,EN,2019-12-13T00:00:00.000Z
MDG_0000000026,Maternal mortality ratio (per 100 000 live births),text,GLOBAL,(WHO) Global,WHO region,EUR,Europe,Year,2002,false,,,,,,,,,,,,,25,,,24,,27,25 [24 – 27],,,EN,2019-12-13T00:00:00.000Z
MDG_0000000026,Maternal mortality ratio (per 100 000 live births),text,GLOBAL,(WHO) Global,WHO region,EMR,Eastern Mediterranean,Year,2002,false,,,,,,,,,,,,,306,,,267,,362,306 [267 – 362],,,EN,2019-12-13T00:00:00.000Z
MDG_0000000026,Maternal mortality ratio (per 100 000 live births),text,GLOBAL,(WHO) Global,WHO region,SEAR,South-East Asia,Year,2002,false,,,,,,,,,,,,,326,,,296,,364,326 [296 – 364],,,EN,2019-12-13T00:00:00.000Z
MDG_0000000026,Maternal mortality ratio (per 100 000 live births),text,GLOBAL,(WHO) Global,WHO region,GLOBAL,(WHO) Global,Year,2002,false,,,,,,,,,,,,,328,,,314,,351,328 [314 – 351],,,EN,2019-12-13T00:00:00.000Z
MDG_0000000026,Maternal mortality ratio (per 100 000 live births),text,GLOBAL,(WHO) Global,WHO region,WPR,Western Pacific,Year,2002,false,,,,,,,,,,,,,69,,,65,,75,69 [65 – 75],,,EN,2019-12-13T00:00:00.000Z
MDG_0000000026,Maternal mortality ratio (per 100 000 live births),text,GLOBAL,(WHO) Global,WHO region,AMR,Americas,Year,2002,false,,,,,,,,,,,,,71,,,69,,74,71 [69 – 74],,,EN,2019-12-13T00:00:00.000Z
MDG_0000000026,Maternal mortality ratio (per 100 000 live births),text,GLOBAL,(WHO) Global,WHO region,AFR,Africa,Year,2002,false,,,,,,,,,,,,,822,,,769,,900,822 [769 – 900],,,EN,2019-12-13T00:00:00.000Z
MORT_MATERNALNUM,Number of maternal deaths,numeric,GLOBAL,(WHO) Global,WHO region,AMR,Americas,Year,2002,false,,,,,,,,,,,,,11000,,,11000,,12000,"11,000 [11,000 – 12,000]",,,EN,2019-12-13T00:00:00.000Z
MORT_MATERNALNUM,Number of maternal deaths,numeric,GLOBAL,(WHO) Global,WHO region,SEAR,South-East Asia,Year,2002,false,,,,,,,,,,,,,129000,,,117000,,144000,"129,000 [117,000 – 144,000]",,,EN,2019-12-13T00:00:00.000Z
MORT_MATERNALNUM,Number of maternal deaths,numeric,GLOBAL,(WHO) Global,WHO region,WPR,Western Pacific,Year,2002,false,,,,,,,,,,,,,17000,,,16000,,18000,"17,000 [16,000 – 18,000]",,,EN,2019-12-13T00:00:00.000Z
MORT_MATERNALNUM,Number of maternal deaths,numeric,GLOBAL,(WHO) Global,WHO region,EUR,Europe,Year,2002,false,,,,,,,,,,,,,2600,,,2400,,2800,"2,600 [2,400 – 2,800]",,,EN,2019-12-13T00:00:00.000Z
MORT_MATERNALNUM,Number of maternal deaths,numeric,GLOBAL,(WHO) Global,WHO region,AFR,Africa,Year,2002,false,,,,,,,,,,,,,230000,,,215000,,252000,"230,000 [215,000 – 252,000]",,,EN,2019-12-13T00:00:00.000Z
MORT_MATERNALNUM,Number of maternal deaths,numeric,GLOBAL,(WHO) Global,WHO region,GLOBAL,(WHO) Global,Year,2002,false,,,,,,,,,,,,,435000,,,416000,,465000,"435,000 [416,000 – 465,000]",,,EN,2019-12-13T00:00:00.000Z
MORT_MATERNALNUM,Number of maternal deaths,numeric,GLOBAL,(WHO) Global,WHO region,EMR,Eastern Mediterranean,Year,2002,false,,,,,,,,,,,,,45000,,,39000,,53000,"45,000 [39,000 – 53,000]",,,EN,2019-12-13T00:00:00.000Z
MDG_0000000026,Maternal mortality ratio (per 100 000 live births),text,GLOBAL,(WHO) Global,WHO region,EUR,Europe,Year,2001,false,,,,,,,,,,,,,26,,,25,,28,26 [25 – 28],,,EN,2019-12-13T00:00:00.000Z
MDG_0000000026,Maternal mortality ratio (per 100 000 live births),text,GLOBAL,(WHO) Global,WHO region,EMR,Eastern Mediterranean,Year,2001,false,,,,,,,,,,,,,319,,,278,,378,319 [278 – 378],,,EN,2019-12-13T00:00:00.000Z
MDG_0000000026,Maternal mortality ratio (per 100 000 live births),text,GLOBAL,(WHO) Global,WHO region,GLOBAL,(WHO) Global,Year,2001,false,,,,,,,,,,,,,335,,,320,,359,335 [320 – 359],,,EN,2019-12-13T00:00:00.000Z
MDG_0000000026,Maternal mortality ratio (per 100 000 live births),text,GLOBAL,(WHO) Global,WHO region,SEAR,South-East Asia,Year,2001,false,,,,,,,,,,,,,341,,,309,,382,341 [309 – 382],,,EN,2019-12-13T00:00:00.000Z
MDG_0000000026,Maternal mortality ratio (per 100 000 live births),text,GLOBAL,(WHO) Global,WHO region,WPR,Western Pacific,Year,2001,false,,,,,,,,,,,,,72,,,68,,78,72 [68 – 78],,,EN,2019-12-13T00:00:00.000Z
MDG_0000000026,Maternal mortality ratio (per 100 000 live births),text,GLOBAL,(WHO) Global,WHO region,AMR,Americas,Year,2001,false,,,,,,,,,,,,,72,,,70,,74,72 [70 – 74],,,EN,2019-12-13T00:00:00.000Z
MDG_0000000026,Maternal mortality ratio (per 100 000 live births),text,GLOBAL,(WHO) Global,WHO region,AFR,Africa,Year,2001,false,,,,,,,,,,,,,837,,,781,,918,837 [781 – 918],,,EN,2019-12-13T00:00:00.000Z
MORT_MATERNALNUM,Number of maternal deaths,numeric,GLOBAL,(WHO) Global,WHO region,AMR,Americas,Year,2001,false,,,,,,,,,,,,,11000,,,11000,,12000,"11,000 [11,000 – 12,000]",,,EN,2019-12-13T00:00:00.000Z
MORT_MATERNALNUM,Number of maternal deaths,numeric,GLOBAL,(WHO) Global,WHO region,SEAR,South-East Asia,Year,2001,false,,,,,,,,,,,,,135000,,,123000,,151000,"135,000 [123,000 – 151,000]",,,EN,2019-12-13T00:00:00.000Z
MORT_MATERNALNUM,Number of maternal deaths,numeric,GLOBAL,(WHO) Global,WHO region,WPR,Western Pacific,Year,2001,false,,,,,,,,,,,,,18000,,,17000,,19000,"18,000 [17,000 – 19,000]",,,EN,2019-12-13T00:00:00.000Z
MORT_MATERNALNUM,Number of maternal deaths,numeric,GLOBAL,(WHO) Global,WHO region,EUR,Europe,Year,2001,false,,,,,,,,,,,,,2700,,,2500,,2900,"2,700 [2,500 – 2,900]",,,EN,2019-12-13T00:00:00.000Z
MORT_MATERNALNUM,Number of maternal deaths,numeric,GLOBAL,(WHO) Global,WHO region,AFR,Africa,Year,2001,false,,,,,,,,,,,,,229000,,,214000,,252000,"229,000 [214,000 – 252,000]",,,EN,2019-12-13T00:00:00.000Z
MORT_MATERNALNUM,Number of maternal deaths,numeric,GLOBAL,(WHO) Global,WHO region,GLOBAL,(WHO) Global,Year,2001,false,,,,,,,,,,,,,443000,,,424000,,474000,"443,000 [424,000 – 474,000]",,,EN,2019-12-13T00:00:00.000Z
MORT_MATERNALNUM,Number of maternal deaths,numeric,GLOBAL,(WHO) Global,WHO region,EMR,Eastern Mediterranean,Year,2001,false,,,,,,,,,,,,,47000,,,41000,,55000,"47,000 [41,000 – 55,000]",,,EN,2019-12-13T00:00:00.000Z
MDG_0000000026,Maternal mortality ratio (per 100 000 live births),text,GLOBAL,(WHO) Global,WHO region,EUR,Europe,Year,2000,false,,,,,,,,,,,,,27,,,25,,29,27 [25 – 29],,,EN,2019-12-13T00:00:00.000Z
MDG_0000000026,Maternal mortality ratio (per 100 000 live births),text,GLOBAL,(WHO) Global,WHO region,EMR,Eastern Mediterranean,Year,2000,false,,,,,,,,,,,,,330,,,286,,392,330 [286 – 392],,,EN,2019-12-13T00:00:00.000Z
MDG_0000000026,Maternal mortality ratio (per 100 000 live births),text,GLOBAL,(WHO) Global,WHO region,GLOBAL,(WHO) Global,Year,2000,false,,,,,,,,,,,,,342,,,327,,368,342 [327 – 368],,,EN,2019-12-13T00:00:00.000Z
MDG_0000000026,Maternal mortality ratio (per 100 000 live births),text,GLOBAL,(WHO) Global,WHO region,SEAR,South-East Asia,Year,2000,false,,,,,,,,,,,,,355,,,321,,398,355 [321 – 398],,,EN,2019-12-13T00:00:00.000Z
MDG_0000000026,Maternal mortality ratio (per 100 000 live births),text,GLOBAL,(WHO) Global,WHO region,AMR,Americas,Year,2000,false,,,,,,,,,,,,,73,,,71,,76,73 [71 – 76],,,EN,2019-12-13T00:00:00.000Z
MDG_0000000026,Maternal mortality ratio (per 100 000 live births),text,GLOBAL,(WHO) Global,WHO region,WPR,Western Pacific,Year,2000,false,,,,,,,,,,,,,75,,,71,,82,75 [71 – 82],,,EN,2019-12-13T00:00:00.000Z
MDG_0000000026,Maternal mortality ratio (per 100 000 live births),text,GLOBAL,(WHO) Global,WHO region,AFR,Africa,Year,2000,false,,,,,,,,,,,,,857,,,798,,943,857 [798 – 943],,,EN,2019-12-13T00:00:00.000Z
MORT_MATERNALNUM,Number of maternal deaths,numeric,GLOBAL,(WHO) Global,WHO region,AMR,Americas,Year,2000,false,,,,,,,,,,,,,12000,,,11000,,12000,"12,000 [11,000 – 12,000]",,,EN,2019-12-13T00:00:00.000Z
MORT_MATERNALNUM,Number of maternal deaths,numeric,GLOBAL,(WHO) Global,WHO region,SEAR,South-East Asia,Year,2000,false,,,,,,,,,,,,,141000,,,127000,,158000,"141,000 [127,000 – 158,000]",,,EN,2019-12-13T00:00:00.000Z
MORT_MATERNALNUM,Number of maternal deaths,numeric,GLOBAL,(WHO) Global,WHO region,WPR,Western Pacific,Year,2000,false,,,,,,,,,,,,,19000,,,17000,,20000,"19,000 [17,000 – 20,000]",,,EN,2019-12-13T00:00:00.000Z
MORT_MATERNALNUM,Number of maternal deaths,numeric,GLOBAL,(WHO) Global,WHO region,EUR,Europe,Year,2000,false,,,,,,,,,,,,,2800,,,2600,,3000,"2,800 [2,600 – 3,000]",,,EN,2019-12-13T00:00:00.000Z
MORT_MATERNALNUM,Number of maternal deaths,numeric,GLOBAL,(WHO) Global,WHO region,AFR,Africa,Year,2000,false,,,,,,,,,,,,,230000,,,214000,,253000,"230,000 [214,000 – 253,000]",,,EN,2019-12-13T00:00:00.000Z
MORT_MATERNALNUM,Number of maternal deaths,numeric,GLOBAL,(WHO) Global,WHO region,GLOBAL,(WHO) Global,Year,2000,false,,,,,,,,,,,,,451000,,,431000,,485000,"451,000 [431,000 – 485,000]",,,EN,2019-12-13T00:00:00.000Z
MORT_MATERNALNUM,Number of maternal deaths,numeric,GLOBAL,(WHO) Global,WHO region,EMR,Eastern Mediterranean,Year,2000,false,,,,,,,,,,,,,48000,,,41000,,57000,"48,000 [41,000 – 57,000]",,,EN,2019-12-13T00:00:00.000Z
